round,mse,rmse,mae,ma_percentage_error,std_dev
1,21023.279950046588,144.9940686719515,139.65721459445405,45.70123855563863,38.97617684900865
2,17954.813575596396,133.99557297014104,128.46397663127715,41.97646478786521,38.10275952834749
3,15657.302628165487,125.12914380017746,119.49678566171917,38.999660912390524,37.11900920933422
4,13470.407614040716,116.0620851701395,110.30428927114937,35.949010888792365,36.10223514447984
