round,mse,rmse,mae,ma_percentage_error,std_dev
1,132.60956902968042,11.515622824219298,7.69728372632865,2.407851295391888,11.482383664953211
2,110.03741085165736,10.489871822460813,7.454740496788702,2.380144626130073,10.192483242836344
