Round,mse,rmse,mae,ma_percentage_error,std_dev
1,165.36694855093415,12.859508099104497,8.978262843762714,2.7680931347888587,10.115530826336682
2,121.0269600343552,11.001225387853628,8.014246266808403,2.548592540208308,10.761356122917286
